proje_no,sehir,alan_m2,kat_sayisi,zemin_sinifi,insaat_yili,sure_ay,toplam_maliyet_TL
PRJ-001,Adana,3019,3,A,2019,12.2,63476000
PRJ-002,Ankara,3171,13,D,2022,36,984397000
PRJ-003,İstanbul,1295,5,B,2022,9.0,109376000
PRJ-004,Adana,2632,8,A,2018,24.3,152371000
PRJ-005,Bursa,2131,7,B,2020,19.2,137839000
PRJ-006,Adana,1870,15,B,2018,36,239266000
PRJ-007,Konya,1950,3,B,2022,6.9,95876000
PRJ-008,Ankara,3108,5,C,2019,21.4,146566000
PRJ-009,İzmir,2257,12,C,2020,36,305166000
PRJ-010,İzmir,3274,12,C,2022,36,869094000
PRJ-011,Bursa,1954,6,D,2023,19.4,352340000
PRJ-012,Konya,629,5,C,2021,6,38721000
PRJ-013,Mersin,2723,13,B,2021,36,490297000
PRJ-014,Adana,985,6,A,2023,8.3,140321000
PRJ-015,İzmir,2035,7,A,2022,19.3,240552000
PRJ-016,Antalya,849,4,C,2022,6,60372000
PRJ-017,İstanbul,2317,10,B,2023,32.4,641258000
PRJ-018,Konya,2599,14,B,2018,36,285843000
PRJ-019,Adana,413,13,D,2022,8.3,135274000
PRJ-020,Bursa,835,15,C,2019,16.2,125030000
PRJ-021,Mersin,2572,2,B,2018,6.6,33217000
PRJ-022,Ankara,1659,5,A,2018,11.4,57310000
PRJ-023,Mersin,2581,14,A,2022,36,634560000
PRJ-024,Bursa,2884,8,D,2023,36,711530000
PRJ-025,Mersin,3061,7,B,2018,25.2,152192000
PRJ-026,Bursa,486,11,B,2018,7.4,38908000
PRJ-027,Konya,1337,3,D,2018,6,34336000
PRJ-028,Mersin,2388,5,B,2019,17.2,101794000
PRJ-029,Antalya,1179,3,A,2020,6,30142000
PRJ-030,Ankara,3386,2,C,2018,9.2,50148000
PRJ-031,Mersin,847,5,A,2019,6,31575000
PRJ-032,Mersin,1423,15,D,2022,34.4,495392000
PRJ-033,Ankara,2614,15,A,2019,36,320459000
PRJ-034,İstanbul,1275,15,B,2019,28.8,174879000
PRJ-035,Adana,1486,14,C,2021,31.4,309841000
PRJ-036,İzmir,2676,12,C,2019,36,304595000
PRJ-037,Konya,2772,13,B,2018,36,268240000
PRJ-038,Ankara,2575,4,A,2019,11.6,71358000
PRJ-039,Bursa,1363,8,A,2022,14.3,189723000
PRJ-040,Konya,2117,12,B,2020,35.8,255499000
PRJ-041,Adana,1377,6,B,2021,11.7,95198000
PRJ-042,Ankara,697,2,B,2018,6,9655000
PRJ-043,Bursa,942,7,D,2020,10.0,76797000
PRJ-044,İstanbul,2625,13,B,2023,36,997030000
PRJ-045,İzmir,3117,3,D,2020,13.0,99939000
PRJ-046,Bursa,2666,4,B,2023,14.9,255573000
PRJ-047,İstanbul,1481,10,B,2018,21.5,116656000
PRJ-048,İzmir,580,2,B,2023,6,29812000
PRJ-049,İstanbul,2209,10,C,2018,34.6,173464000
PRJ-050,Konya,1010,10,A,2022,12.6,179376000
